INSERT INTO groups(id, number)VALUES('5c814c82-b5cc-11ed-afa1-0242ac120042',119169);
INSERT INTO groups(id, number)VALUES('5c815a10-b5cc-11ed-afa1-0242ac120093',126962);
INSERT INTO groups(id, number)VALUES('5c814e26-b5cc-11ed-afa1-0242ac120087',123281);
INSERT INTO groups(id, number)VALUES('5c8158bc-b5cc-11ed-afa1-0242ac120049',102995);
INSERT INTO groups(id, number)VALUES('5c816a32-b5cc-11ed-afa1-0242ac120067',132391);
INSERT INTO groups(id, number)VALUES('5c816938-b5cc-11ed-afa1-0242ac120078',100292);
INSERT INTO groups(id, number)VALUES('5c816938-b5cc-11ed-afa1-0242ac120036',119718);
INSERT INTO groups(id, number)VALUES('5c8158bc-b5cc-11ed-afa1-0242ac120071',114771);
INSERT INTO groups(id, number)VALUES('5c816064-b5cc-11ed-afa1-0242ac120082',125667);
INSERT INTO groups(id, number)VALUES('5c815f7e-b5cc-11ed-afa1-0242ac120037',128703);
INSERT INTO groups(id, number)VALUES('5c8167e4-b5cc-11ed-afa1-0242ac120043',117673);
INSERT INTO groups(id, number)VALUES('5c815e84-b5cc-11ed-afa1-0242ac120062',128253);
INSERT INTO groups(id, number)VALUES('5c815d76-b5cc-11ed-afa1-0242ac120047',132662);
INSERT INTO groups(id, number)VALUES('5c815e84-b5cc-11ed-afa1-0242ac120084',108723);
INSERT INTO groups(id, number)VALUES('5c815e84-b5cc-11ed-afa1-0242ac120063',112316);


INSERT INTO lesson_time (id, startTime, endTime, lessonNumber)VALUES('5c815c22-b5cc-11ed-afa1-0242ac120081','8:45:00','10:20:00','1');
INSERT INTO lesson_time (id, startTime, endTime, lessonNumber)VALUES('5c8158bc-b5cc-11ed-afa1-0242ac120049','10:35:00','12:10:00','2');
INSERT INTO lesson_time (id, startTime, endTime, lessonNumber)VALUES('5c814e26-b5cc-11ed-afa1-0242ac120096','12:25:00','14:00:00','3');
INSERT INTO lesson_time (id, startTime, endTime, lessonNumber)VALUES('5c816064-b5cc-11ed-afa1-0242ac120082','14:45:00','16:20:00','4');
INSERT INTO lesson_time (id, startTime, endTime, lessonNumber)VALUES('5c815e84-b5cc-11ed-afa1-0242ac120038','16:35:00','18:10:00','5');
INSERT INTO lesson_time (id, startTime, endTime, lessonNumber)VALUES('5c815e84-b5cc-11ed-afa1-0242ac120084','18:25:00','20:00:00','6');
INSERT INTO lesson_time (id, startTime, endTime, lessonNumber)VALUES('5c815c22-b5cc-11ed-afa1-0242ac120047','20:15:00','21:50:00','7');

INSERT INTO study_room (id, buildingNumber, floor,name, number)VALUES('5c815006-b5cc-11ed-afa1-0242ac120095','5','3','Компьютерный класс','12');
INSERT INTO study_room (id, buildingNumber, floor, number)VALUES('5c815a10-b5cc-11ed-afa1-0242ac120093','8','4','4g');
INSERT INTO study_room (id, buildingNumber, floor, number)VALUES('5c814c82-b5cc-11ed-afa1-0242ac120086','2','13','2');
INSERT INTO study_room (id, buildingNumber, floor, number)VALUES('5c816a32-b5cc-11ed-afa1-0242ac120067','7','7','13g');
INSERT INTO study_room (id, buildingNumber, floor, number)VALUES('5c814e26-b5cc-11ed-afa1-0242ac120096','7','8','8');
INSERT INTO study_room (id, buildingNumber, floor, number)VALUES('5c8158bc-b5cc-11ed-afa1-0242ac120071','12','7','3');
INSERT INTO study_room (id, buildingNumber, floor,name, number)VALUES('5c8167e4-b5cc-11ed-afa1-0242ac120034','11','5','Спортивный комплекс','3');
INSERT INTO study_room (id, buildingNumber, floor, number)VALUES('5c8167e4-b5cc-11ed-afa1-0242ac120043','4','4','3a');
INSERT INTO study_room (id, buildingNumber, floor, number)VALUES('5c8167e4-b5cc-11ed-afa1-0242ac120026','3','14','9');
INSERT INTO study_room (id, buildingNumber, floor, number)VALUES('5c815e84-b5cc-11ed-afa1-0242ac120084','9','5','13');
INSERT INTO study_room (id, buildingNumber, floor, number)VALUES('5c815c22-b5cc-11ed-afa1-0242ac120017','6','6','2b');
INSERT INTO study_room (id, buildingNumber, floor,name, number)VALUES('5c815a10-b5cc-11ed-afa1-0242ac120065','5','3','Компьютерный класс','11');
INSERT INTO study_room (id, buildingNumber, floor, number)VALUES('5c815d76-b5cc-11ed-afa1-0242ac120046','11','10','6');
INSERT INTO study_room (id, buildingNumber, floor, number)VALUES('5c8158bc-b5cc-11ed-afa1-0242ac120016','10','9','4');
INSERT INTO study_room (id, buildingNumber, floor, number)VALUES('5c815006-b5cc-11ed-afa1-0242ac120096','2','6','7');
INSERT INTO study_room (id, buildingNumber, floor,name, number)VALUES('5c815c22-b5cc-11ed-afa1-0242ac120032','12','10','Спортивный комплекс','10');

INSERT INTO subject (id, name) VALUES('5c815c22-b5cc-11ed-afa1-0242ac120096',' Русский язык');
INSERT INTO subject (id, name) VALUES('5c815006-b5cc-11ed-afa1-0242ac120095','Математика');
INSERT INTO subject (id, name) VALUES('5c816938-b5cc-11ed-afa1-0242ac120014','Информатика');
INSERT INTO subject (id, name) VALUES('5c815a10-b5cc-11ed-afa1-0242ac120093','Физика');
INSERT INTO subject (id, name) VALUES('5c815d76-b5cc-11ed-afa1-0242ac120078','История');
INSERT INTO subject (id, name) VALUES('5c814c82-b5cc-11ed-afa1-0242ac120086','Иностранный язык');
INSERT INTO subject (id, name) VALUES('5c815f7e-b5cc-11ed-afa1-0242ac120014','Экономика');
INSERT INTO subject (id, name) VALUES('5c816a32-b5cc-11ed-afa1-0242ac120067','Философия');
INSERT INTO subject (id, name) VALUES('5c815a10-b5cc-11ed-afa1-0242ac120085','Психология');
INSERT INTO subject (id, name) VALUES('5c814e26-b5cc-11ed-afa1-0242ac120096','Алгебра');
INSERT INTO subject (id, name) VALUES('5c814e26-b5cc-11ed-afa1-0242ac120013','Программирование');
INSERT INTO subject (id, name) VALUES('5c8158bc-b5cc-11ed-afa1-0242ac120071','Инклюзивная культура');
INSERT INTO subject (id, name) VALUES('5c8167e4-b5cc-11ed-afa1-0242ac120029','Тестирование');

INSERT INTO lesson_type (id, name) VALUES('5c815c22-b5cc-11ed-afa1-0242ac120096','Лекция');
INSERT INTO lesson_type (id, name) VALUES('5c815a10-b5cc-11ed-afa1-0242ac120093','Семинар');
INSERT INTO lesson_type (id, name) VALUES('5c815f7e-b5cc-11ed-afa1-0242ac120014','Практическое занятие');
INSERT INTO lesson_type (id, name) VALUES('5c814e26-b5cc-11ed-afa1-0242ac120096','Лабораторная');
INSERT INTO lesson_type (id, name) VALUES('5c8167e4-b5cc-11ed-afa1-0242ac120029','Индивидуальное занятие');
INSERT INTO lesson_type (id, name) VALUES('5c8167e4-b5cc-11ed-afa1-0242ac120043','Иная контактная работа (сопровождение работы в ЭУК)');
INSERT INTO lesson_type (id, name) VALUES('5c835c22-b5cc-11ed-afa1-0242ac120046','Контрольная работа');
INSERT INTO lesson_type (id, name) VALUES('5c815a10-b5cc-11ed-afa1-0242ac120043','Экзамен');
INSERT INTO lesson_type (id, name) VALUES('5c815f7e-b5cc-11ed-afa1-0242ac120044','Зачёт');
INSERT INTO lesson_type (id, name) VALUES('5c814e26-b5cc-11ed-afa1-0242ac120046','Дифф. зачёт');
INSERT INTO lesson_type (id, name) VALUES('5c8167e4-b5cc-11ed-afa1-0242ac120049','Консультация');
INSERT INTO lesson_type (id, name) VALUES('5c8167e4-b5cc-11ed-afa1-0242ac120033','Бронь');

INSERT INTO account(id, firstname, lastname, patronymicname, role, email, password, group_id, teacher_id,groupChangingRequest_id, accepted) VALUES('5c814e26-b5cc-11ed-afa1-0242ac100041','Олег','Андреева','Федорович','Student','Олег28145@gmail.com','Федорович16827','5c814c82-b5cc-11ed-afa1-0242ac120042',null,null,'true');
INSERT INTO groups_account(group_id, accounts_id)VALUES('5c814c82-b5cc-11ed-afa1-0242ac120042','5c814e26-b5cc-11ed-afa1-0242ac100041');
INSERT INTO account(id, firstname, lastname, patronymicname, role, email, password, group_id, teacher_id,groupChangingRequest_id, accepted) VALUES('5c816a32-b5cc-11ed-afa1-0242ac100491','Асия','Мельникова','Герогьевна','Student','Асия17421@gmail.com','Герогьевна19718','5c8167e4-b5cc-11ed-afa1-0242ac120043',null,null,'true');
INSERT INTO groups_account(group_id, accounts_id)VALUES('5c8167e4-b5cc-11ed-afa1-0242ac120043','5c816a32-b5cc-11ed-afa1-0242ac100491');
INSERT INTO account(id, firstname, lastname, patronymicname, role, email, password, group_id, teacher_id,groupChangingRequest_id, accepted) VALUES('5c816938-b5cc-11ed-afa1-0242ac105447','Кристина','Киселев','Ярославович','Student','Кристина23811@gmail.com','Ярославович30333','5c815a10-b5cc-11ed-afa1-0242ac120093',null,null,'true');
INSERT INTO groups_account(group_id, accounts_id)VALUES('5c815a10-b5cc-11ed-afa1-0242ac120093','5c816938-b5cc-11ed-afa1-0242ac105447');
INSERT INTO account(id, firstname, lastname, patronymicname, role, email, password, group_id, teacher_id,groupChangingRequest_id, accepted) VALUES('5c815d76-b5cc-11ed-afa1-0242ac104664','Кристина','Блинова','Федорович','Student','Кристина8723@gmail.com','Федорович27529','5c816938-b5cc-11ed-afa1-0242ac120078',null,null,'true');
INSERT INTO groups_account(group_id, accounts_id)VALUES('5c816938-b5cc-11ed-afa1-0242ac120078','5c815d76-b5cc-11ed-afa1-0242ac104664');
INSERT INTO account(id, firstname, lastname, patronymicname, role, email, password, group_id, teacher_id,groupChangingRequest_id, accepted) VALUES('5c8167e4-b5cc-11ed-afa1-0242ac112316','Валерий','Киселев','Герогьевна','Student','Валерий23805@gmail.com','Герогьевна6729','5c816a32-b5cc-11ed-afa1-0242ac120067',null,null,'true');
INSERT INTO groups_account(group_id, accounts_id)VALUES('5c816a32-b5cc-11ed-afa1-0242ac120067','5c8167e4-b5cc-11ed-afa1-0242ac112316');
INSERT INTO account(id, firstname, lastname, patronymicname, role, email, password, group_id, teacher_id,groupChangingRequest_id, accepted) VALUES('5c816938-b5cc-11ed-afa1-0242ac115350','Денис','Киселев','Алексеевна','Student','Денис4966@gmail.com','Алексеевна13931','5c8167e4-b5cc-11ed-afa1-0242ac120043',null,null,'true');

INSERT INTO account(id, firstname, lastname, patronymicname, role, email, password, group_id, teacher_id,groupChangingRequest_id, accepted) VALUES('5c8158bc-b5cc-11ed-afa1-0242ac121539','Анна','Мельникова','Алиевна','Teacher','Анна28310@gmail.com','Алиевна12444',null,null,null,'false');
INSERT INTO teacher (id, firstName, lastName, patronymicName, account_id) VALUES('5c815f7e-b5cc-11ed-afa1-0242ac113548','Анна','Мельникова','Алиевна','5c8158bc-b5cc-11ed-afa1-0242ac121539');
UPDATE account SET teacher_id ='5c815f7e-b5cc-11ed-afa1-0242ac113548'WHERE id = '5c8158bc-b5cc-11ed-afa1-0242ac121539';
INSERT INTO account(id, firstname, lastname, patronymicname, role, email, password, group_id, teacher_id,groupChangingRequest_id, accepted) VALUES('5c814c82-b5cc-11ed-afa1-0242ac109661','Кристина','Киселев','Алексеевна','Teacher','Кристина10762@gmail.com','Алексеевна27287',null,null,null,'true');
INSERT INTO teacher (id, firstName, lastName, patronymicName, account_id) VALUES('5c814e26-b5cc-11ed-afa1-0242ac103778','Кристина','Киселев','Алексеевна','5c814c82-b5cc-11ed-afa1-0242ac109661');
UPDATE account SET teacher_id ='5c814e26-b5cc-11ed-afa1-0242ac103778'WHERE id = '5c814c82-b5cc-11ed-afa1-0242ac109661';
INSERT INTO account(id, firstname, lastname, patronymicname, role, email, password, group_id, teacher_id,groupChangingRequest_id, accepted) VALUES('5c816a32-b5cc-11ed-afa1-0242ac117852','Мария','Попова','Иванов','Teacher','Мария31282@gmail.com','Иванов24666',null,null,null,'false');
INSERT INTO teacher (id, firstName, lastName, patronymicName, account_id) VALUES('5c815006-b5cc-11ed-afa1-0242ac112278','Мария','Попова','Иванов','5c816a32-b5cc-11ed-afa1-0242ac117852');
UPDATE account SET teacher_id ='5c815006-b5cc-11ed-afa1-0242ac112278'WHERE id = '5c816a32-b5cc-11ed-afa1-0242ac117852';
INSERT INTO account(id, firstname, lastname, patronymicname, role, email, password, group_id, teacher_id,groupChangingRequest_id, accepted) VALUES('5c815c22-b5cc-11ed-afa1-0242ac103440','Михаил','Блинова','Герогьевна','Teacher','Михаил16078@gmail.com','Герогьевна13024',null,null,null,'false');
INSERT INTO teacher (id, firstName, lastName, patronymicName, account_id) VALUES('5c815a10-b5cc-11ed-afa1-0242ac115012','Михаил','Блинова','Герогьевна','5c815c22-b5cc-11ed-afa1-0242ac103440');
UPDATE account SET teacher_id ='5c815a10-b5cc-11ed-afa1-0242ac115012'WHERE id = '5c815c22-b5cc-11ed-afa1-0242ac103440';
INSERT INTO account(id, firstname, lastname, patronymicname, role, email, password, group_id, teacher_id,groupChangingRequest_id, accepted) VALUES('5c815c22-b5cc-11ed-afa1-0242ac116154','Максим','Демидов','Ярославович','Teacher','Максим28069@gmail.com','Ярославович692',null,null,null,'false');
INSERT INTO teacher (id, firstName, lastName, patronymicName, account_id) VALUES('5c8158bc-b5cc-11ed-afa1-0242ac101034','Максим','Демидов','Ярославович','5c815c22-b5cc-11ed-afa1-0242ac116154');
UPDATE account SET teacher_id ='5c8158bc-b5cc-11ed-afa1-0242ac101034'WHERE id = '5c815c22-b5cc-11ed-afa1-0242ac116154';
INSERT INTO account(id, firstname, lastname, patronymicname, role, email, password, group_id, teacher_id,groupChangingRequest_id, accepted) VALUES('5c815006-b5cc-11ed-afa1-0242ac111435','Анна','Киселев','Алиевна','Teacher','Анна6433@gmail.com','Алиевна1217',null,null,null,'false');
INSERT INTO teacher (id, firstName, lastName, patronymicName, account_id) VALUES('5c816938-b5cc-11ed-afa1-0242ac112044','Анна','Киселев','Алиевна','5c815006-b5cc-11ed-afa1-0242ac111435');
UPDATE account SET teacher_id ='5c816938-b5cc-11ed-afa1-0242ac112044'WHERE id = '5c815006-b5cc-11ed-afa1-0242ac111435';
INSERT INTO account(id, firstname, lastname, patronymicname, role, email, password, group_id, teacher_id,groupChangingRequest_id, accepted) VALUES('5c816a32-b5cc-11ed-afa1-0242ac122320','Андрей','Попова','Глебовна','Teacher','Андрей14900@gmail.com','Глебовна13660',null,null,null,'true');
INSERT INTO teacher (id, firstName, lastName, patronymicName, account_id) VALUES('5c815d76-b5cc-11ed-afa1-0242ac103023','Андрей','Попова','Глебовна','5c816a32-b5cc-11ed-afa1-0242ac122320');
UPDATE account SET teacher_id ='5c815d76-b5cc-11ed-afa1-0242ac103023'WHERE id = '5c816a32-b5cc-11ed-afa1-0242ac122320';

INSERT INTO groups(id, number)VALUES('5c814c82-b5cc-11ed-afa1-0242ac127889',126424);
INSERT INTO account(id, firstname, lastname, patronymicname, role, email, password, group_id, teacher_id,groupChangingRequest_id, accepted) VALUES('5c815d76-b5cc-11ed-afa1-0242ac125581','Анна','Платонов','Маркович','Student','Анна13560@gmail.com','Маркович29336','5c815a10-b5cc-11ed-afa1-0242ac120093',null,null,'true');
INSERT INTO group_changing_request (id, account_id, group_id) VALUES('5c8167e4-b5cc-11ed-afa1-0242ac105998','5c815d76-b5cc-11ed-afa1-0242ac125581','5c814c82-b5cc-11ed-afa1-0242ac127889');
UPDATE account SET groupChangingRequest_id ='5c8167e4-b5cc-11ed-afa1-0242ac105998'WHERE id = '5c815d76-b5cc-11ed-afa1-0242ac125581';
UPDATE groups SET groupChangingRequest_id ='5c8167e4-b5cc-11ed-afa1-0242ac105998'WHERE id = '5c814c82-b5cc-11ed-afa1-0242ac127889';
INSERT INTO groups(id, number)VALUES('5c814c82-b5cc-11ed-afa1-0242ac121046',125248);
INSERT INTO account(id, firstname, lastname, patronymicname, role, email, password, group_id, teacher_id,groupChangingRequest_id, accepted) VALUES('5c816a32-b5cc-11ed-afa1-0242ac106814','Максим','Иванова','null','Student','Максим28713@gmail.com','null3061','5c816938-b5cc-11ed-afa1-0242ac120036',null,null,'false');
INSERT INTO group_changing_request (id, account_id, group_id) VALUES('5c816a32-b5cc-11ed-afa1-0242ac104818','5c816a32-b5cc-11ed-afa1-0242ac106814','5c814c82-b5cc-11ed-afa1-0242ac121046');
UPDATE account SET groupChangingRequest_id ='5c816a32-b5cc-11ed-afa1-0242ac104818'WHERE id = '5c816a32-b5cc-11ed-afa1-0242ac106814';
UPDATE groups SET groupChangingRequest_id ='5c816a32-b5cc-11ed-afa1-0242ac104818'WHERE id = '5c814c82-b5cc-11ed-afa1-0242ac121046';
INSERT INTO groups(id, number)VALUES('5c815a10-b5cc-11ed-afa1-0242ac110419',100063);
INSERT INTO account(id, firstname, lastname, patronymicname, role, email, password, group_id, teacher_id,groupChangingRequest_id, accepted) VALUES('5c815c22-b5cc-11ed-afa1-0242ac110881','Михаил','Виноградова','Романова','Student','Михаил16501@gmail.com','Романова15182','5c815e84-b5cc-11ed-afa1-0242ac120084',null,null,'false');
INSERT INTO group_changing_request (id, account_id, group_id) VALUES('5c814c82-b5cc-11ed-afa1-0242ac121883','5c815c22-b5cc-11ed-afa1-0242ac110881','5c815a10-b5cc-11ed-afa1-0242ac110419');
UPDATE account SET groupChangingRequest_id ='5c814c82-b5cc-11ed-afa1-0242ac121883'WHERE id = '5c815c22-b5cc-11ed-afa1-0242ac110881';
UPDATE groups SET groupChangingRequest_id ='5c814c82-b5cc-11ed-afa1-0242ac121883'WHERE id = '5c815a10-b5cc-11ed-afa1-0242ac110419';
INSERT INTO groups(id, number)VALUES('5c8167e4-b5cc-11ed-afa1-0242ac111813',126326);
INSERT INTO account(id, firstname, lastname, patronymicname, role, email, password, group_id, teacher_id,groupChangingRequest_id, accepted) VALUES('5c814c82-b5cc-11ed-afa1-0242ac115537','Михаил','Мельникова','Владимировна','Student','Михаил29126@gmail.com','Владимировна17624','5c815a10-b5cc-11ed-afa1-0242ac120093',null,null,'false');
INSERT INTO group_changing_request (id, account_id, group_id) VALUES('5c814e26-b5cc-11ed-afa1-0242ac126984','5c814c82-b5cc-11ed-afa1-0242ac115537','5c8167e4-b5cc-11ed-afa1-0242ac111813');
UPDATE account SET groupChangingRequest_id ='5c814e26-b5cc-11ed-afa1-0242ac126984'WHERE id = '5c814c82-b5cc-11ed-afa1-0242ac115537';
UPDATE groups SET groupChangingRequest_id ='5c814e26-b5cc-11ed-afa1-0242ac126984'WHERE id = '5c8167e4-b5cc-11ed-afa1-0242ac111813';
INSERT INTO groups(id, number)VALUES('5c815d76-b5cc-11ed-afa1-0242ac117171',105484);
INSERT INTO account(id, firstname, lastname, patronymicname, role, email, password, group_id, teacher_id,groupChangingRequest_id, accepted) VALUES('5c814c82-b5cc-11ed-afa1-0242ac120384','Асия','Иванова','Алексеевна','Student','Асия8094@gmail.com','Алексеевна20671','5c814c82-b5cc-11ed-afa1-0242ac120042',null,null,'false');
INSERT INTO group_changing_request (id, account_id, group_id) VALUES('5c814c82-b5cc-11ed-afa1-0242ac111247','5c814c82-b5cc-11ed-afa1-0242ac120384','5c815d76-b5cc-11ed-afa1-0242ac117171');
UPDATE account SET groupChangingRequest_id ='5c814c82-b5cc-11ed-afa1-0242ac111247'WHERE id = '5c814c82-b5cc-11ed-afa1-0242ac120384';
UPDATE groups SET groupChangingRequest_id ='5c814c82-b5cc-11ed-afa1-0242ac111247'WHERE id = '5c815d76-b5cc-11ed-afa1-0242ac117171';
INSERT INTO groups(id, number)VALUES('5c815c22-b5cc-11ed-afa1-0242ac103282',115748);
INSERT INTO account(id, firstname, lastname, patronymicname, role, email, password, group_id, teacher_id,groupChangingRequest_id, accepted) VALUES('5c815006-b5cc-11ed-afa1-0242ac114849','Анна','Мельникова','Герогьевна','Student','Анна21264@gmail.com','Герогьевна12275','5c815e84-b5cc-11ed-afa1-0242ac120062',null,null,'true');
INSERT INTO group_changing_request (id, account_id, group_id) VALUES('5c8167e4-b5cc-11ed-afa1-0242ac129371','5c815006-b5cc-11ed-afa1-0242ac114849','5c815c22-b5cc-11ed-afa1-0242ac103282');
UPDATE account SET groupChangingRequest_id ='5c8167e4-b5cc-11ed-afa1-0242ac129371'WHERE id = '5c815006-b5cc-11ed-afa1-0242ac114849';
UPDATE groups SET groupChangingRequest_id ='5c8167e4-b5cc-11ed-afa1-0242ac129371'WHERE id = '5c815c22-b5cc-11ed-afa1-0242ac103282';
INSERT INTO groups(id, number)VALUES('5c814e26-b5cc-11ed-afa1-0242ac110627',127808);
INSERT INTO account(id, firstname, lastname, patronymicname, role, email, password, group_id, teacher_id,groupChangingRequest_id, accepted) VALUES('5c815650-b5cc-11ed-afa1-0242ac113729','Егор','Платонов','Романова','Student','Егор10805@gmail.com','Романова7732','5c816938-b5cc-11ed-afa1-0242ac120036',null,null,'true');
INSERT INTO group_changing_request (id, account_id, group_id) VALUES('5c816938-b5cc-11ed-afa1-0242ac106837','5c815650-b5cc-11ed-afa1-0242ac113729','5c814e26-b5cc-11ed-afa1-0242ac110627');
UPDATE account SET groupChangingRequest_id ='5c816938-b5cc-11ed-afa1-0242ac106837'WHERE id = '5c815650-b5cc-11ed-afa1-0242ac113729';
UPDATE groups SET groupChangingRequest_id ='5c816938-b5cc-11ed-afa1-0242ac106837'WHERE id = '5c814e26-b5cc-11ed-afa1-0242ac110627';

INSERT INTO lesson_group (id, startDay, endDay, frequency, subject_id, lessonType_id)VALUES('5c815006-b5cc-11ed-afa1-0242ac102610','2775-2-22','2775-11-6','2','5c8158bc-b5cc-11ed-afa1-0242ac120071','5c815f7e-b5cc-11ed-afa1-0242ac120014');
INSERT INTO lesson_group (id, startDay, endDay, frequency, subject_id, lessonType_id)VALUES('5c8158bc-b5cc-11ed-afa1-0242ac114781','2340-1-10','2340-10-25','1','5c815d76-b5cc-11ed-afa1-0242ac120078','5c814e26-b5cc-11ed-afa1-0242ac120046');
INSERT INTO lesson_group (id, startDay, endDay, frequency, subject_id, lessonType_id)VALUES('5c816a32-b5cc-11ed-afa1-0242ac102198','2880-7-15','2880-9-29','2','5c814c82-b5cc-11ed-afa1-0242ac120086','5c815f7e-b5cc-11ed-afa1-0242ac120014');
INSERT INTO lesson_group (id, startDay, endDay, frequency, subject_id, lessonType_id)VALUES('5c8158bc-b5cc-11ed-afa1-0242ac130465','2502-7-22','3959-4-15','1','5c815006-b5cc-11ed-afa1-0242ac120095','5c8167e4-b5cc-11ed-afa1-0242ac120049');
INSERT INTO lesson_group (id, startDay, endDay, frequency, subject_id, lessonType_id)VALUES('5c814e26-b5cc-11ed-afa1-0242ac111282','2305-2-27','2929-4-12','1','5c8167e4-b5cc-11ed-afa1-0242ac120029','5c815a10-b5cc-11ed-afa1-0242ac120093');
INSERT INTO lesson_group (id, startDay, endDay, frequency, subject_id, lessonType_id)VALUES('5c815f7e-b5cc-11ed-afa1-0242ac115623','2548-4-12','2548-9-26','2','5c816938-b5cc-11ed-afa1-0242ac120014','5c8167e4-b5cc-11ed-afa1-0242ac120033');
INSERT INTO lesson_group (id, startDay, endDay, frequency, subject_id, lessonType_id)VALUES('5c815e84-b5cc-11ed-afa1-0242ac108741','2444-6-24','3853-4-19','1','5c815d76-b5cc-11ed-afa1-0242ac120078','5c814e26-b5cc-11ed-afa1-0242ac120046');
INSERT INTO lesson_group (id, startDay, endDay, frequency, subject_id, lessonType_id)VALUES('5c816938-b5cc-11ed-afa1-0242ac124753','2033-7-24','3538-9-25','1','5c815f7e-b5cc-11ed-afa1-0242ac120014','5c815f7e-b5cc-11ed-afa1-0242ac120044');
INSERT INTO lesson_group (id, startDay, endDay, frequency, subject_id, lessonType_id)VALUES('5c816a32-b5cc-11ed-afa1-0242ac126336','2717-5-13','2921-8-5','2','5c816a32-b5cc-11ed-afa1-0242ac120067','5c815f7e-b5cc-11ed-afa1-0242ac120014');
INSERT INTO lesson_group (id, startDay, endDay, frequency, subject_id, lessonType_id)VALUES('5c815650-b5cc-11ed-afa1-0242ac120950','2935-5-6','2935-6-3','2','5c814e26-b5cc-11ed-afa1-0242ac120096','5c815f7e-b5cc-11ed-afa1-0242ac120044');
INSERT INTO lesson_group (id, startDay, endDay, frequency, subject_id, lessonType_id)VALUES('5c8167e4-b5cc-11ed-afa1-0242ac109986','2886-5-25','3283-12-3','2','5c814c82-b5cc-11ed-afa1-0242ac120086','5c8167e4-b5cc-11ed-afa1-0242ac120043');
INSERT INTO lesson_group (id, startDay, endDay, frequency, subject_id, lessonType_id)VALUES('5c814c82-b5cc-11ed-afa1-0242ac116769','3017-7-12','3017-11-6','1','5c814e26-b5cc-11ed-afa1-0242ac120013','5c815a10-b5cc-11ed-afa1-0242ac120043');
INSERT INTO lesson_group (id, startDay, endDay, frequency, subject_id, lessonType_id)VALUES('5c815a10-b5cc-11ed-afa1-0242ac108529','2367-2-17','2485-6-28','2','5c815d76-b5cc-11ed-afa1-0242ac120078','5c8167e4-b5cc-11ed-afa1-0242ac120043');
INSERT INTO lesson_group (id, startDay, endDay, frequency, subject_id, lessonType_id)VALUES('5c8167e4-b5cc-11ed-afa1-0242ac115726','3204-4-2','3918-3-25','1','5c815f7e-b5cc-11ed-afa1-0242ac120014','5c815a10-b5cc-11ed-afa1-0242ac120043');
INSERT INTO lesson_group (id, startDay, endDay, frequency, subject_id, lessonType_id)VALUES('5c815f7e-b5cc-11ed-afa1-0242ac117210','3125-1-12','3125-1-15','2','5c815a10-b5cc-11ed-afa1-0242ac120085','5c8167e4-b5cc-11ed-afa1-0242ac120043');
INSERT INTO lesson_group (id, startDay, endDay, frequency, subject_id, lessonType_id)VALUES('5c816a32-b5cc-11ed-afa1-0242ac107360','2660-4-28','3337-2-14','1','5c815d76-b5cc-11ed-afa1-0242ac120078','5c814e26-b5cc-11ed-afa1-0242ac120046');

INSERT INTO lesson_group_groups(lessonGroup_id, group_id) VALUES('5c815006-b5cc-11ed-afa1-0242ac102610','5c814c82-b5cc-11ed-afa1-0242ac120042');
INSERT INTO lesson_group_groups(lessonGroup_id, group_id) VALUES('5c8158bc-b5cc-11ed-afa1-0242ac114781','5c815a10-b5cc-11ed-afa1-0242ac120093');
INSERT INTO lesson_group_groups(lessonGroup_id, group_id) VALUES('5c816a32-b5cc-11ed-afa1-0242ac102198','5c814e26-b5cc-11ed-afa1-0242ac120087');
INSERT INTO lesson_group_groups(lessonGroup_id, group_id) VALUES('5c8158bc-b5cc-11ed-afa1-0242ac130465','5c8158bc-b5cc-11ed-afa1-0242ac120049');
INSERT INTO lesson_group_groups(lessonGroup_id, group_id) VALUES('5c814e26-b5cc-11ed-afa1-0242ac111282','5c816a32-b5cc-11ed-afa1-0242ac120067');
INSERT INTO lesson_group_groups(lessonGroup_id, group_id) VALUES('5c815f7e-b5cc-11ed-afa1-0242ac115623','5c816938-b5cc-11ed-afa1-0242ac120078');
INSERT INTO lesson_group_groups(lessonGroup_id, group_id) VALUES('5c815e84-b5cc-11ed-afa1-0242ac108741','5c816938-b5cc-11ed-afa1-0242ac120036');
INSERT INTO lesson_group_groups(lessonGroup_id, group_id) VALUES('5c816938-b5cc-11ed-afa1-0242ac124753','5c8158bc-b5cc-11ed-afa1-0242ac120071');
INSERT INTO lesson_group_groups(lessonGroup_id, group_id) VALUES('5c816a32-b5cc-11ed-afa1-0242ac126336','5c816064-b5cc-11ed-afa1-0242ac120082');
INSERT INTO lesson_group_groups(lessonGroup_id, group_id) VALUES('5c815650-b5cc-11ed-afa1-0242ac120950','5c815f7e-b5cc-11ed-afa1-0242ac120037');
INSERT INTO lesson_group_groups(lessonGroup_id, group_id) VALUES('5c8167e4-b5cc-11ed-afa1-0242ac109986','5c8167e4-b5cc-11ed-afa1-0242ac120043');
INSERT INTO lesson_group_groups(lessonGroup_id, group_id) VALUES('5c814c82-b5cc-11ed-afa1-0242ac116769','5c815e84-b5cc-11ed-afa1-0242ac120062');
INSERT INTO lesson_group_groups(lessonGroup_id, group_id) VALUES('5c815a10-b5cc-11ed-afa1-0242ac108529','5c815d76-b5cc-11ed-afa1-0242ac120047');
INSERT INTO lesson_group_groups(lessonGroup_id, group_id) VALUES('5c8167e4-b5cc-11ed-afa1-0242ac115726','5c815e84-b5cc-11ed-afa1-0242ac120084');
INSERT INTO lesson_group_groups(lessonGroup_id, group_id) VALUES('5c815f7e-b5cc-11ed-afa1-0242ac117210','5c815e84-b5cc-11ed-afa1-0242ac120063');

INSERT INTO lesson (id, studyRoom_id, teacher_id, date, dayOfWeek, lessonGroup_id, lessonTime_id) VALUES('5c816a32-b5cc-11ed-afa1-0242ac111087','5c815a10-b5cc-11ed-afa1-0242ac120093','5c815a10-b5cc-11ed-afa1-0242ac115012','NOW()','5','5c815006-b5cc-11ed-afa1-0242ac102610','5c815c22-b5cc-11ed-afa1-0242ac120081');
INSERT INTO lesson_group_lesson (lessonGroup_id, lessons_id) VALUES('5c815006-b5cc-11ed-afa1-0242ac102610','5c816a32-b5cc-11ed-afa1-0242ac111087');
INSERT INTO lesson_time_lesson (lessonTime_id, lesson_id) VALUES('5c815c22-b5cc-11ed-afa1-0242ac120081','5c816a32-b5cc-11ed-afa1-0242ac111087');
INSERT INTO study_room_lesson (studyRoom_id, lesson_id) VALUES('5c815a10-b5cc-11ed-afa1-0242ac120093','5c816a32-b5cc-11ed-afa1-0242ac111087');
INSERT INTO teacher_lesson (teacher_id, lessons_id) VALUES('5c815a10-b5cc-11ed-afa1-0242ac115012','5c816a32-b5cc-11ed-afa1-0242ac111087');
INSERT INTO lesson (id, studyRoom_id, teacher_id, date, dayOfWeek, lessonGroup_id, lessonTime_id) VALUES('5c816064-b5cc-11ed-afa1-0242ac116599','5c8158bc-b5cc-11ed-afa1-0242ac120071','5c815006-b5cc-11ed-afa1-0242ac112278','NOW()','1','5c8158bc-b5cc-11ed-afa1-0242ac114781','5c815c22-b5cc-11ed-afa1-0242ac120081');
INSERT INTO lesson_group_lesson (lessonGroup_id, lessons_id) VALUES('5c8158bc-b5cc-11ed-afa1-0242ac114781','5c816064-b5cc-11ed-afa1-0242ac116599');
INSERT INTO lesson_time_lesson (lessonTime_id, lesson_id) VALUES('5c815c22-b5cc-11ed-afa1-0242ac120081','5c816064-b5cc-11ed-afa1-0242ac116599');
INSERT INTO study_room_lesson (studyRoom_id, lesson_id) VALUES('5c8158bc-b5cc-11ed-afa1-0242ac120071','5c816064-b5cc-11ed-afa1-0242ac116599');
INSERT INTO teacher_lesson (teacher_id, lessons_id) VALUES('5c815006-b5cc-11ed-afa1-0242ac112278','5c816064-b5cc-11ed-afa1-0242ac116599');
INSERT INTO lesson (id, studyRoom_id, teacher_id, date, dayOfWeek, lessonGroup_id, lessonTime_id) VALUES('5c815d76-b5cc-11ed-afa1-0242ac104872','5c815a10-b5cc-11ed-afa1-0242ac120065','5c815a10-b5cc-11ed-afa1-0242ac115012','NOW()','0','5c816a32-b5cc-11ed-afa1-0242ac102198','5c815e84-b5cc-11ed-afa1-0242ac120084');
INSERT INTO lesson_group_lesson (lessonGroup_id, lessons_id) VALUES('5c816a32-b5cc-11ed-afa1-0242ac102198','5c815d76-b5cc-11ed-afa1-0242ac104872');
INSERT INTO lesson_time_lesson (lessonTime_id, lesson_id) VALUES('5c815e84-b5cc-11ed-afa1-0242ac120084','5c815d76-b5cc-11ed-afa1-0242ac104872');
INSERT INTO study_room_lesson (studyRoom_id, lesson_id) VALUES('5c815a10-b5cc-11ed-afa1-0242ac120065','5c815d76-b5cc-11ed-afa1-0242ac104872');
INSERT INTO teacher_lesson (teacher_id, lessons_id) VALUES('5c815a10-b5cc-11ed-afa1-0242ac115012','5c815d76-b5cc-11ed-afa1-0242ac104872');
INSERT INTO lesson (id, studyRoom_id, teacher_id, date, dayOfWeek, lessonGroup_id, lessonTime_id) VALUES('5c8158bc-b5cc-11ed-afa1-0242ac122951','5c8167e4-b5cc-11ed-afa1-0242ac120034','5c816938-b5cc-11ed-afa1-0242ac112044','NOW()','0','5c8158bc-b5cc-11ed-afa1-0242ac130465','5c815c22-b5cc-11ed-afa1-0242ac120047');
INSERT INTO lesson_group_lesson (lessonGroup_id, lessons_id) VALUES('5c8158bc-b5cc-11ed-afa1-0242ac130465','5c8158bc-b5cc-11ed-afa1-0242ac122951');
INSERT INTO lesson_time_lesson (lessonTime_id, lesson_id) VALUES('5c815c22-b5cc-11ed-afa1-0242ac120047','5c8158bc-b5cc-11ed-afa1-0242ac122951');
INSERT INTO study_room_lesson (studyRoom_id, lesson_id) VALUES('5c8167e4-b5cc-11ed-afa1-0242ac120034','5c8158bc-b5cc-11ed-afa1-0242ac122951');
INSERT INTO teacher_lesson (teacher_id, lessons_id) VALUES('5c816938-b5cc-11ed-afa1-0242ac112044','5c8158bc-b5cc-11ed-afa1-0242ac122951');
INSERT INTO lesson (id, studyRoom_id, teacher_id, date, dayOfWeek, lessonGroup_id, lessonTime_id) VALUES('5c816938-b5cc-11ed-afa1-0242ac109980','5c815c22-b5cc-11ed-afa1-0242ac120017','5c816938-b5cc-11ed-afa1-0242ac112044','NOW()','1','5c814e26-b5cc-11ed-afa1-0242ac111282','5c815e84-b5cc-11ed-afa1-0242ac120038');
INSERT INTO lesson_group_lesson (lessonGroup_id, lessons_id) VALUES('5c814e26-b5cc-11ed-afa1-0242ac111282','5c816938-b5cc-11ed-afa1-0242ac109980');
INSERT INTO lesson_time_lesson (lessonTime_id, lesson_id) VALUES('5c815e84-b5cc-11ed-afa1-0242ac120038','5c816938-b5cc-11ed-afa1-0242ac109980');
INSERT INTO study_room_lesson (studyRoom_id, lesson_id) VALUES('5c815c22-b5cc-11ed-afa1-0242ac120017','5c816938-b5cc-11ed-afa1-0242ac109980');
INSERT INTO teacher_lesson (teacher_id, lessons_id) VALUES('5c816938-b5cc-11ed-afa1-0242ac112044','5c816938-b5cc-11ed-afa1-0242ac109980');
INSERT INTO lesson (id, studyRoom_id, teacher_id, date, dayOfWeek, lessonGroup_id, lessonTime_id) VALUES('5c816a32-b5cc-11ed-afa1-0242ac121727','5c814e26-b5cc-11ed-afa1-0242ac120096','5c815006-b5cc-11ed-afa1-0242ac112278','NOW()','5','5c815f7e-b5cc-11ed-afa1-0242ac115623','5c816064-b5cc-11ed-afa1-0242ac120082');
INSERT INTO lesson_group_lesson (lessonGroup_id, lessons_id) VALUES('5c815f7e-b5cc-11ed-afa1-0242ac115623','5c816a32-b5cc-11ed-afa1-0242ac121727');
INSERT INTO lesson_time_lesson (lessonTime_id, lesson_id) VALUES('5c816064-b5cc-11ed-afa1-0242ac120082','5c816a32-b5cc-11ed-afa1-0242ac121727');
INSERT INTO study_room_lesson (studyRoom_id, lesson_id) VALUES('5c814e26-b5cc-11ed-afa1-0242ac120096','5c816a32-b5cc-11ed-afa1-0242ac121727');
INSERT INTO teacher_lesson (teacher_id, lessons_id) VALUES('5c815006-b5cc-11ed-afa1-0242ac112278','5c816a32-b5cc-11ed-afa1-0242ac121727');
INSERT INTO lesson (id, studyRoom_id, teacher_id, date, dayOfWeek, lessonGroup_id, lessonTime_id) VALUES('5c815e84-b5cc-11ed-afa1-0242ac100380','5c816a32-b5cc-11ed-afa1-0242ac120067','5c815a10-b5cc-11ed-afa1-0242ac115012','NOW()','4','5c815e84-b5cc-11ed-afa1-0242ac108741','5c815e84-b5cc-11ed-afa1-0242ac120084');
INSERT INTO lesson_group_lesson (lessonGroup_id, lessons_id) VALUES('5c815e84-b5cc-11ed-afa1-0242ac108741','5c815e84-b5cc-11ed-afa1-0242ac100380');
INSERT INTO lesson_time_lesson (lessonTime_id, lesson_id) VALUES('5c815e84-b5cc-11ed-afa1-0242ac120084','5c815e84-b5cc-11ed-afa1-0242ac100380');
INSERT INTO study_room_lesson (studyRoom_id, lesson_id) VALUES('5c816a32-b5cc-11ed-afa1-0242ac120067','5c815e84-b5cc-11ed-afa1-0242ac100380');
INSERT INTO teacher_lesson (teacher_id, lessons_id) VALUES('5c815a10-b5cc-11ed-afa1-0242ac115012','5c815e84-b5cc-11ed-afa1-0242ac100380');
INSERT INTO lesson (id, studyRoom_id, teacher_id, date, dayOfWeek, lessonGroup_id, lessonTime_id) VALUES('5c814c82-b5cc-11ed-afa1-0242ac129684','5c815d76-b5cc-11ed-afa1-0242ac120046','5c815006-b5cc-11ed-afa1-0242ac112278','NOW()','5','5c816938-b5cc-11ed-afa1-0242ac124753','5c815e84-b5cc-11ed-afa1-0242ac120038');
INSERT INTO lesson_group_lesson (lessonGroup_id, lessons_id) VALUES('5c816938-b5cc-11ed-afa1-0242ac124753','5c814c82-b5cc-11ed-afa1-0242ac129684');
INSERT INTO lesson_time_lesson (lessonTime_id, lesson_id) VALUES('5c815e84-b5cc-11ed-afa1-0242ac120038','5c814c82-b5cc-11ed-afa1-0242ac129684');
INSERT INTO study_room_lesson (studyRoom_id, lesson_id) VALUES('5c815d76-b5cc-11ed-afa1-0242ac120046','5c814c82-b5cc-11ed-afa1-0242ac129684');
INSERT INTO teacher_lesson (teacher_id, lessons_id) VALUES('5c815006-b5cc-11ed-afa1-0242ac112278','5c814c82-b5cc-11ed-afa1-0242ac129684');
INSERT INTO lesson (id, studyRoom_id, teacher_id, date, dayOfWeek, lessonGroup_id, lessonTime_id) VALUES('5c815f7e-b5cc-11ed-afa1-0242ac118838','5c815c22-b5cc-11ed-afa1-0242ac120017','5c815a10-b5cc-11ed-afa1-0242ac115012','NOW()','5','5c816a32-b5cc-11ed-afa1-0242ac126336','5c814e26-b5cc-11ed-afa1-0242ac120096');
INSERT INTO lesson_group_lesson (lessonGroup_id, lessons_id) VALUES('5c816a32-b5cc-11ed-afa1-0242ac126336','5c815f7e-b5cc-11ed-afa1-0242ac118838');
INSERT INTO lesson_time_lesson (lessonTime_id, lesson_id) VALUES('5c814e26-b5cc-11ed-afa1-0242ac120096','5c815f7e-b5cc-11ed-afa1-0242ac118838');
INSERT INTO study_room_lesson (studyRoom_id, lesson_id) VALUES('5c815c22-b5cc-11ed-afa1-0242ac120017','5c815f7e-b5cc-11ed-afa1-0242ac118838');
INSERT INTO teacher_lesson (teacher_id, lessons_id) VALUES('5c815a10-b5cc-11ed-afa1-0242ac115012','5c815f7e-b5cc-11ed-afa1-0242ac118838');
INSERT INTO lesson (id, studyRoom_id, teacher_id, date, dayOfWeek, lessonGroup_id, lessonTime_id) VALUES('5c816064-b5cc-11ed-afa1-0242ac131119','5c8167e4-b5cc-11ed-afa1-0242ac120043','5c815006-b5cc-11ed-afa1-0242ac112278','NOW()','6','5c815650-b5cc-11ed-afa1-0242ac120950','5c814e26-b5cc-11ed-afa1-0242ac120096');
INSERT INTO lesson_group_lesson (lessonGroup_id, lessons_id) VALUES('5c815650-b5cc-11ed-afa1-0242ac120950','5c816064-b5cc-11ed-afa1-0242ac131119');
INSERT INTO lesson_time_lesson (lessonTime_id, lesson_id) VALUES('5c814e26-b5cc-11ed-afa1-0242ac120096','5c816064-b5cc-11ed-afa1-0242ac131119');
INSERT INTO study_room_lesson (studyRoom_id, lesson_id) VALUES('5c8167e4-b5cc-11ed-afa1-0242ac120043','5c816064-b5cc-11ed-afa1-0242ac131119');
INSERT INTO teacher_lesson (teacher_id, lessons_id) VALUES('5c815006-b5cc-11ed-afa1-0242ac112278','5c816064-b5cc-11ed-afa1-0242ac131119');
INSERT INTO lesson (id, studyRoom_id, teacher_id, date, dayOfWeek, lessonGroup_id, lessonTime_id) VALUES('5c815650-b5cc-11ed-afa1-0242ac112675','5c8167e4-b5cc-11ed-afa1-0242ac120043','5c814e26-b5cc-11ed-afa1-0242ac103778','NOW()','2','5c8167e4-b5cc-11ed-afa1-0242ac109986','5c816064-b5cc-11ed-afa1-0242ac120082');
INSERT INTO lesson_group_lesson (lessonGroup_id, lessons_id) VALUES('5c8167e4-b5cc-11ed-afa1-0242ac109986','5c815650-b5cc-11ed-afa1-0242ac112675');
INSERT INTO lesson_time_lesson (lessonTime_id, lesson_id) VALUES('5c816064-b5cc-11ed-afa1-0242ac120082','5c815650-b5cc-11ed-afa1-0242ac112675');
INSERT INTO study_room_lesson (studyRoom_id, lesson_id) VALUES('5c8167e4-b5cc-11ed-afa1-0242ac120043','5c815650-b5cc-11ed-afa1-0242ac112675');
INSERT INTO teacher_lesson (teacher_id, lessons_id) VALUES('5c814e26-b5cc-11ed-afa1-0242ac103778','5c815650-b5cc-11ed-afa1-0242ac112675');
INSERT INTO lesson (id, studyRoom_id, teacher_id, date, dayOfWeek, lessonGroup_id, lessonTime_id) VALUES('5c814e26-b5cc-11ed-afa1-0242ac119333','5c815a10-b5cc-11ed-afa1-0242ac120065','5c816938-b5cc-11ed-afa1-0242ac112044','NOW()','2','5c814c82-b5cc-11ed-afa1-0242ac116769','5c8158bc-b5cc-11ed-afa1-0242ac120049');
INSERT INTO lesson_group_lesson (lessonGroup_id, lessons_id) VALUES('5c814c82-b5cc-11ed-afa1-0242ac116769','5c814e26-b5cc-11ed-afa1-0242ac119333');
INSERT INTO lesson_time_lesson (lessonTime_id, lesson_id) VALUES('5c8158bc-b5cc-11ed-afa1-0242ac120049','5c814e26-b5cc-11ed-afa1-0242ac119333');
INSERT INTO study_room_lesson (studyRoom_id, lesson_id) VALUES('5c815a10-b5cc-11ed-afa1-0242ac120065','5c814e26-b5cc-11ed-afa1-0242ac119333');
INSERT INTO teacher_lesson (teacher_id, lessons_id) VALUES('5c816938-b5cc-11ed-afa1-0242ac112044','5c814e26-b5cc-11ed-afa1-0242ac119333');
INSERT INTO lesson (id, studyRoom_id, teacher_id, date, dayOfWeek, lessonGroup_id, lessonTime_id) VALUES('5c815e84-b5cc-11ed-afa1-0242ac124773','5c8167e4-b5cc-11ed-afa1-0242ac120034','5c815a10-b5cc-11ed-afa1-0242ac115012','NOW()','0','5c815a10-b5cc-11ed-afa1-0242ac108529','5c815e84-b5cc-11ed-afa1-0242ac120084');
INSERT INTO lesson_group_lesson (lessonGroup_id, lessons_id) VALUES('5c815a10-b5cc-11ed-afa1-0242ac108529','5c815e84-b5cc-11ed-afa1-0242ac124773');
INSERT INTO lesson_time_lesson (lessonTime_id, lesson_id) VALUES('5c815e84-b5cc-11ed-afa1-0242ac120084','5c815e84-b5cc-11ed-afa1-0242ac124773');
INSERT INTO study_room_lesson (studyRoom_id, lesson_id) VALUES('5c8167e4-b5cc-11ed-afa1-0242ac120034','5c815e84-b5cc-11ed-afa1-0242ac124773');
INSERT INTO teacher_lesson (teacher_id, lessons_id) VALUES('5c815a10-b5cc-11ed-afa1-0242ac115012','5c815e84-b5cc-11ed-afa1-0242ac124773');
INSERT INTO lesson (id, studyRoom_id, teacher_id, date, dayOfWeek, lessonGroup_id, lessonTime_id) VALUES('5c815f7e-b5cc-11ed-afa1-0242ac119565','5c8158bc-b5cc-11ed-afa1-0242ac120016','5c8158bc-b5cc-11ed-afa1-0242ac101034','NOW()','2','5c8167e4-b5cc-11ed-afa1-0242ac115726','5c815c22-b5cc-11ed-afa1-0242ac120081');
INSERT INTO lesson_group_lesson (lessonGroup_id, lessons_id) VALUES('5c8167e4-b5cc-11ed-afa1-0242ac115726','5c815f7e-b5cc-11ed-afa1-0242ac119565');
INSERT INTO lesson_time_lesson (lessonTime_id, lesson_id) VALUES('5c815c22-b5cc-11ed-afa1-0242ac120081','5c815f7e-b5cc-11ed-afa1-0242ac119565');
INSERT INTO study_room_lesson (studyRoom_id, lesson_id) VALUES('5c8158bc-b5cc-11ed-afa1-0242ac120016','5c815f7e-b5cc-11ed-afa1-0242ac119565');
INSERT INTO teacher_lesson (teacher_id, lessons_id) VALUES('5c8158bc-b5cc-11ed-afa1-0242ac101034','5c815f7e-b5cc-11ed-afa1-0242ac119565');
INSERT INTO lesson (id, studyRoom_id, teacher_id, date, dayOfWeek, lessonGroup_id, lessonTime_id) VALUES('5c815006-b5cc-11ed-afa1-0242ac102048','5c815006-b5cc-11ed-afa1-0242ac120096','5c816938-b5cc-11ed-afa1-0242ac112044','NOW()','3','5c815f7e-b5cc-11ed-afa1-0242ac117210','5c814e26-b5cc-11ed-afa1-0242ac120096');
INSERT INTO lesson_group_lesson (lessonGroup_id, lessons_id) VALUES('5c815f7e-b5cc-11ed-afa1-0242ac117210','5c815006-b5cc-11ed-afa1-0242ac102048');
INSERT INTO lesson_time_lesson (lessonTime_id, lesson_id) VALUES('5c814e26-b5cc-11ed-afa1-0242ac120096','5c815006-b5cc-11ed-afa1-0242ac102048');
INSERT INTO study_room_lesson (studyRoom_id, lesson_id) VALUES('5c815006-b5cc-11ed-afa1-0242ac120096','5c815006-b5cc-11ed-afa1-0242ac102048');
INSERT INTO teacher_lesson (teacher_id, lessons_id) VALUES('5c816938-b5cc-11ed-afa1-0242ac112044','5c815006-b5cc-11ed-afa1-0242ac102048');

INSERT INTO subject_lesson_group (subject_id, lessonGroup_id) VALUES('5c8158bc-b5cc-11ed-afa1-0242ac120071','5c815006-b5cc-11ed-afa1-0242ac102610');
INSERT INTO lesson_type_lesson_group (lessonType_id, lessonGroups_id) VALUES('5c815f7e-b5cc-11ed-afa1-0242ac120014','5c815006-b5cc-11ed-afa1-0242ac102610');
INSERT INTO subject_lesson_group (subject_id, lessonGroup_id) VALUES('5c815d76-b5cc-11ed-afa1-0242ac120078','5c8158bc-b5cc-11ed-afa1-0242ac114781');
INSERT INTO lesson_type_lesson_group (lessonType_id, lessonGroups_id) VALUES('5c814e26-b5cc-11ed-afa1-0242ac120046','5c8158bc-b5cc-11ed-afa1-0242ac114781');
INSERT INTO subject_lesson_group (subject_id, lessonGroup_id) VALUES('5c814c82-b5cc-11ed-afa1-0242ac120086','5c816a32-b5cc-11ed-afa1-0242ac102198');
INSERT INTO lesson_type_lesson_group (lessonType_id, lessonGroups_id) VALUES('5c815f7e-b5cc-11ed-afa1-0242ac120014','5c816a32-b5cc-11ed-afa1-0242ac102198');
INSERT INTO subject_lesson_group (subject_id, lessonGroup_id) VALUES('5c815006-b5cc-11ed-afa1-0242ac120095','5c8158bc-b5cc-11ed-afa1-0242ac130465');
INSERT INTO lesson_type_lesson_group (lessonType_id, lessonGroups_id) VALUES('5c8167e4-b5cc-11ed-afa1-0242ac120049','5c8158bc-b5cc-11ed-afa1-0242ac130465');
INSERT INTO subject_lesson_group (subject_id, lessonGroup_id) VALUES('5c8167e4-b5cc-11ed-afa1-0242ac120029','5c814e26-b5cc-11ed-afa1-0242ac111282');
INSERT INTO lesson_type_lesson_group (lessonType_id, lessonGroups_id) VALUES('5c815a10-b5cc-11ed-afa1-0242ac120093','5c814e26-b5cc-11ed-afa1-0242ac111282');
INSERT INTO subject_lesson_group (subject_id, lessonGroup_id) VALUES('5c816938-b5cc-11ed-afa1-0242ac120014','5c815f7e-b5cc-11ed-afa1-0242ac115623');
INSERT INTO lesson_type_lesson_group (lessonType_id, lessonGroups_id) VALUES('5c8167e4-b5cc-11ed-afa1-0242ac120033','5c815f7e-b5cc-11ed-afa1-0242ac115623');
INSERT INTO subject_lesson_group (subject_id, lessonGroup_id) VALUES('5c815d76-b5cc-11ed-afa1-0242ac120078','5c815e84-b5cc-11ed-afa1-0242ac108741');
INSERT INTO lesson_type_lesson_group (lessonType_id, lessonGroups_id) VALUES('5c814e26-b5cc-11ed-afa1-0242ac120046','5c815e84-b5cc-11ed-afa1-0242ac108741');
INSERT INTO subject_lesson_group (subject_id, lessonGroup_id) VALUES('5c815f7e-b5cc-11ed-afa1-0242ac120014','5c816938-b5cc-11ed-afa1-0242ac124753');
INSERT INTO lesson_type_lesson_group (lessonType_id, lessonGroups_id) VALUES('5c815f7e-b5cc-11ed-afa1-0242ac120044','5c816938-b5cc-11ed-afa1-0242ac124753');
INSERT INTO subject_lesson_group (subject_id, lessonGroup_id) VALUES('5c816a32-b5cc-11ed-afa1-0242ac120067','5c816a32-b5cc-11ed-afa1-0242ac126336');
INSERT INTO lesson_type_lesson_group (lessonType_id, lessonGroups_id) VALUES('5c815f7e-b5cc-11ed-afa1-0242ac120014','5c816a32-b5cc-11ed-afa1-0242ac126336');
INSERT INTO subject_lesson_group (subject_id, lessonGroup_id) VALUES('5c814e26-b5cc-11ed-afa1-0242ac120096','5c815650-b5cc-11ed-afa1-0242ac120950');
INSERT INTO lesson_type_lesson_group (lessonType_id, lessonGroups_id) VALUES('5c815f7e-b5cc-11ed-afa1-0242ac120044','5c815650-b5cc-11ed-afa1-0242ac120950');
INSERT INTO subject_lesson_group (subject_id, lessonGroup_id) VALUES('5c814c82-b5cc-11ed-afa1-0242ac120086','5c8167e4-b5cc-11ed-afa1-0242ac109986');
INSERT INTO lesson_type_lesson_group (lessonType_id, lessonGroups_id) VALUES('5c8167e4-b5cc-11ed-afa1-0242ac120043','5c8167e4-b5cc-11ed-afa1-0242ac109986');
INSERT INTO subject_lesson_group (subject_id, lessonGroup_id) VALUES('5c814e26-b5cc-11ed-afa1-0242ac120013','5c814c82-b5cc-11ed-afa1-0242ac116769');
INSERT INTO lesson_type_lesson_group (lessonType_id, lessonGroups_id) VALUES('5c815a10-b5cc-11ed-afa1-0242ac120043','5c814c82-b5cc-11ed-afa1-0242ac116769');
INSERT INTO subject_lesson_group (subject_id, lessonGroup_id) VALUES('5c815d76-b5cc-11ed-afa1-0242ac120078','5c815a10-b5cc-11ed-afa1-0242ac108529');
INSERT INTO lesson_type_lesson_group (lessonType_id, lessonGroups_id) VALUES('5c8167e4-b5cc-11ed-afa1-0242ac120043','5c815a10-b5cc-11ed-afa1-0242ac108529');
INSERT INTO subject_lesson_group (subject_id, lessonGroup_id) VALUES('5c815f7e-b5cc-11ed-afa1-0242ac120014','5c8167e4-b5cc-11ed-afa1-0242ac115726');
INSERT INTO lesson_type_lesson_group (lessonType_id, lessonGroups_id) VALUES('5c815a10-b5cc-11ed-afa1-0242ac120043','5c8167e4-b5cc-11ed-afa1-0242ac115726');
INSERT INTO subject_lesson_group (subject_id, lessonGroup_id) VALUES('5c815a10-b5cc-11ed-afa1-0242ac120085','5c815f7e-b5cc-11ed-afa1-0242ac117210');
INSERT INTO lesson_type_lesson_group (lessonType_id, lessonGroups_id) VALUES('5c8167e4-b5cc-11ed-afa1-0242ac120043','5c815f7e-b5cc-11ed-afa1-0242ac117210');
INSERT INTO subject_lesson_group (subject_id, lessonGroup_id) VALUES('5c815d76-b5cc-11ed-afa1-0242ac120078','5c816a32-b5cc-11ed-afa1-0242ac107360');
INSERT INTO lesson_type_lesson_group (lessonType_id, lessonGroups_id) VALUES('5c814e26-b5cc-11ed-afa1-0242ac120046','5c816a32-b5cc-11ed-afa1-0242ac107360');