INSERT INTO groups(id, number)VALUES('5c814c82-b5cc-11ed-afa1-0242ac120042',119169);
INSERT INTO groups(id, number)VALUES('5c815a10-b5cc-11ed-afa1-0242ac120093',126962);
INSERT INTO groups(id, number)VALUES('5c814e26-b5cc-11ed-afa1-0242ac120087',123281);
INSERT INTO groups(id, number)VALUES('5c8158bc-b5cc-11ed-afa1-0242ac120049',102995);
INSERT INTO groups(id, number)VALUES('5c816a32-b5cc-11ed-afa1-0242ac120067',132391);
INSERT INTO groups(id, number)VALUES('5c816938-b5cc-11ed-afa1-0242ac120078',100292);
INSERT INTO groups(id, number)VALUES('5c816938-b5cc-11ed-afa1-0242ac120036',119718);
INSERT INTO groups(id, number)VALUES('5c8158bc-b5cc-11ed-afa1-0242ac120071',114771);
INSERT INTO groups(id, number)VALUES('5c816064-b5cc-11ed-afa1-0242ac120082',125667);
INSERT INTO groups(id, number)VALUES('5c815f7e-b5cc-11ed-afa1-0242ac120037',128703);
INSERT INTO groups(id, number)VALUES('5c8167e4-b5cc-11ed-afa1-0242ac120043',117673);
INSERT INTO groups(id, number)VALUES('5c815e84-b5cc-11ed-afa1-0242ac120062',128253);
INSERT INTO groups(id, number)VALUES('5c815d76-b5cc-11ed-afa1-0242ac120047',132662);
INSERT INTO groups(id, number)VALUES('5c815e84-b5cc-11ed-afa1-0242ac120084',108723);
INSERT INTO groups(id, number)VALUES('5c815e84-b5cc-11ed-afa1-0242ac120063',112316);

INSERT INTO lesson_time (id, startTime, endTime, lessonNumber)VALUES('5c815c22-b5cc-11ed-afa1-0242ac120081','6:4:29','4:34:47','6');
INSERT INTO lesson_time (id, startTime, endTime, lessonNumber)VALUES('5c8158bc-b5cc-11ed-afa1-0242ac120049','19:11:1','3:1:5','9');
INSERT INTO lesson_time (id, startTime, endTime, lessonNumber)VALUES('5c814e26-b5cc-11ed-afa1-0242ac120096','21:22:52','9:2:24','1');
INSERT INTO lesson_time (id, startTime, endTime, lessonNumber)VALUES('5c816064-b5cc-11ed-afa1-0242ac120082','11:52:9','18:11:6','3');
INSERT INTO lesson_time (id, startTime, endTime, lessonNumber)VALUES('5c815e84-b5cc-11ed-afa1-0242ac120038','21:44:33','21:2:51','3');
INSERT INTO lesson_time (id, startTime, endTime, lessonNumber)VALUES('5c815e84-b5cc-11ed-afa1-0242ac120084','11:19:57','21:22:44','6');
INSERT INTO lesson_time (id, startTime, endTime, lessonNumber)VALUES('5c816064-b5cc-11ed-afa1-0242ac120056','16:46:48','18:50:35','5');
INSERT INTO lesson_time (id, startTime, endTime, lessonNumber)VALUES('5c815c22-b5cc-11ed-afa1-0242ac120047','6:50:10','9:50:45','6');
INSERT INTO lesson_time (id, startTime, endTime, lessonNumber)VALUES('5c815006-b5cc-11ed-afa1-0242ac120096','22:20:36','10:24:23','1');
INSERT INTO lesson_time (id, startTime, endTime, lessonNumber)VALUES('5c815d76-b5cc-11ed-afa1-0242ac120074','14:58:17','19:26:39','7');
INSERT INTO lesson_time (id, startTime, endTime, lessonNumber)VALUES('5c814c82-b5cc-11ed-afa1-0242ac120033','9:30:24','18:19:35','1');
INSERT INTO lesson_time (id, startTime, endTime, lessonNumber)VALUES('5c815c22-b5cc-11ed-afa1-0242ac120044','17:9:30','16:44:5','9');
INSERT INTO lesson_time (id, startTime, endTime, lessonNumber)VALUES('5c816938-b5cc-11ed-afa1-0242ac120095','15:47:35','12:41:30','2');
INSERT INTO lesson_time (id, startTime, endTime, lessonNumber)VALUES('5c8167e4-b5cc-11ed-afa1-0242ac120086','3:10:46','4:21:10','9');
INSERT INTO lesson_time (id, startTime, endTime, lessonNumber)VALUES('5c816064-b5cc-11ed-afa1-0242ac120033','1:29:5','15:33:47','5');
INSERT INTO lesson_time (id, startTime, endTime, lessonNumber)VALUES('5c815650-b5cc-11ed-afa1-0242ac120073','12:8:33','22:26:46','6');

INSERT INTO study_room (id, buildingNumber, floor, number)VALUES('5c815006-b5cc-11ed-afa1-0242ac120095','5','3','12');
INSERT INTO study_room (id, buildingNumber, floor, number)VALUES('5c815a10-b5cc-11ed-afa1-0242ac120093','8','4','4');
INSERT INTO study_room (id, buildingNumber, floor, number)VALUES('5c814c82-b5cc-11ed-afa1-0242ac120086','2','13','2');
INSERT INTO study_room (id, buildingNumber, floor, number)VALUES('5c816a32-b5cc-11ed-afa1-0242ac120067','7','7','13');
INSERT INTO study_room (id, buildingNumber, floor, number)VALUES('5c814e26-b5cc-11ed-afa1-0242ac120096','7','8','8');
INSERT INTO study_room (id, buildingNumber, floor, number)VALUES('5c8158bc-b5cc-11ed-afa1-0242ac120071','12','7','3');
INSERT INTO study_room (id, buildingNumber, floor, number)VALUES('5c8167e4-b5cc-11ed-afa1-0242ac120034','11','5','3');
INSERT INTO study_room (id, buildingNumber, floor, number)VALUES('5c8167e4-b5cc-11ed-afa1-0242ac120043','4','4','3');
INSERT INTO study_room (id, buildingNumber, floor, number)VALUES('5c8167e4-b5cc-11ed-afa1-0242ac120026','3','14','9');
INSERT INTO study_room (id, buildingNumber, floor, number)VALUES('5c815e84-b5cc-11ed-afa1-0242ac120084','9','5','13');
INSERT INTO study_room (id, buildingNumber, floor, number)VALUES('5c815c22-b5cc-11ed-afa1-0242ac120017','6','6','2');
INSERT INTO study_room (id, buildingNumber, floor, number)VALUES('5c815a10-b5cc-11ed-afa1-0242ac120065','5','3','11');
INSERT INTO study_room (id, buildingNumber, floor, number)VALUES('5c815d76-b5cc-11ed-afa1-0242ac120046','11','10','6');
INSERT INTO study_room (id, buildingNumber, floor, number)VALUES('5c8158bc-b5cc-11ed-afa1-0242ac120016','10','9','4');
INSERT INTO study_room (id, buildingNumber, floor, number)VALUES('5c815006-b5cc-11ed-afa1-0242ac120096','2','6','7');
INSERT INTO study_room (id, buildingNumber, floor, number)VALUES('5c815c22-b5cc-11ed-afa1-0242ac120032','12','10','10');

INSERT INTO subject (id, name) VALUES('5c815c22-b5cc-11ed-afa1-0242ac120096',' Русский язык');
INSERT INTO subject (id, name) VALUES('5c815006-b5cc-11ed-afa1-0242ac120095','Математика');
INSERT INTO subject (id, name) VALUES('5c816938-b5cc-11ed-afa1-0242ac120014','Информатика');
INSERT INTO subject (id, name) VALUES('5c815a10-b5cc-11ed-afa1-0242ac120093','Физика');
INSERT INTO subject (id, name) VALUES('5c815d76-b5cc-11ed-afa1-0242ac120078','История');
INSERT INTO subject (id, name) VALUES('5c814c82-b5cc-11ed-afa1-0242ac120086','Иностранный язык');
INSERT INTO subject (id, name) VALUES('5c815f7e-b5cc-11ed-afa1-0242ac120014','Экономика');
INSERT INTO subject (id, name) VALUES('5c816a32-b5cc-11ed-afa1-0242ac120067','Философия');
INSERT INTO subject (id, name) VALUES('5c815a10-b5cc-11ed-afa1-0242ac120085','Психология');
INSERT INTO subject (id, name) VALUES('5c814e26-b5cc-11ed-afa1-0242ac120096','Алгебра');
INSERT INTO subject (id, name) VALUES('5c814e26-b5cc-11ed-afa1-0242ac120013','Программирование');
INSERT INTO subject (id, name) VALUES('5c8158bc-b5cc-11ed-afa1-0242ac120071','Инклюзивная культура');
INSERT INTO subject (id, name) VALUES('5c8167e4-b5cc-11ed-afa1-0242ac120029','Тестирование');

INSERT INTO lesson_type (id, name) VALUES('5c815c22-b5cc-11ed-afa1-0242ac120096','Лекция');
INSERT INTO lesson_type (id, name) VALUES('5c815a10-b5cc-11ed-afa1-0242ac120093','Семинар');
INSERT INTO lesson_type (id, name) VALUES('5c815f7e-b5cc-11ed-afa1-0242ac120014','Практическое занятие');
INSERT INTO lesson_type (id, name) VALUES('5c814e26-b5cc-11ed-afa1-0242ac120096','Лабораторная');
INSERT INTO lesson_type (id, name) VALUES('5c8167e4-b5cc-11ed-afa1-0242ac120029','Индивидуальное занятие');
INSERT INTO lesson_type (id, name) VALUES('5c8167e4-b5cc-11ed-afa1-0242ac120043','Иная контактная работа (сопровождение работы в ЭУК)');
INSERT INTO lesson_type (id, name) VALUES('5c835c22-b5cc-11ed-afa1-0242ac120046','Контрольная работа');
INSERT INTO lesson_type (id, name) VALUES('5c815a10-b5cc-11ed-afa1-0242ac120043','Экзамен');
INSERT INTO lesson_type (id, name) VALUES('5c815f7e-b5cc-11ed-afa1-0242ac120044','Зачёт');
INSERT INTO lesson_type (id, name) VALUES('5c814e26-b5cc-11ed-afa1-0242ac120046','Дифф. зачёт');
INSERT INTO lesson_type (id, name) VALUES('5c8167e4-b5cc-11ed-afa1-0242ac120049','Консультация');
INSERT INTO lesson_type (id, name) VALUES('5c8167e4-b5cc-11ed-afa1-0242ac120033','Бронь');

INSERT INTO account(id, firstname, lastname, patronymicname, role, email, password, group_id, teacher_id) VALUES('5c814e26-b5cc-11ed-afa1-0242ac100441','Олег','Андреева','Федорович','Student','Олег28145@gmail.com','Федорович16827',null,null);
INSERT INTO groups_account(group_id, accounts_id)VALUES('5c814c82-b5cc-11ed-afa1-0242ac120042','5c814e26-b5cc-11ed-afa1-0242ac100041');
INSERT INTO account(id, firstname, lastname, patronymicname, role, email, password, group_id, teacher_id) VALUES('5c814e26-b5cc-11ed-afa1-0242ac109961','Егор','Никифоров','Алиевна','Student','Егор12382@gmail.com','Алиевна18716','5c816938-b5cc-11ed-afa1-0242ac120078',null);
INSERT INTO groups_account(group_id, accounts_id)VALUES('5c816938-b5cc-11ed-afa1-0242ac120078','5c814e26-b5cc-11ed-afa1-0242ac109961');
INSERT INTO account(id, firstname, lastname, patronymicname, role, email, password, group_id, teacher_id) VALUES('5c814e26-b5cc-11ed-afa1-0242ac119718','Максим','Зайцев','Маркович','Student','Максим9894@gmail.com','Маркович23811','5c8158bc-b5cc-11ed-afa1-0242ac120071',null);
INSERT INTO groups_account(group_id, accounts_id)VALUES('5c8158bc-b5cc-11ed-afa1-0242ac120071','5c814e26-b5cc-11ed-afa1-0242ac119718');
INSERT INTO account(id, firstname, lastname, patronymicname, role, email, password, group_id, teacher_id) VALUES('5c815f7e-b5cc-11ed-afa1-0242ac131322','Кристина','Демидов','Иванов','Student','Кристина32757@gmail.com','Иванов12859','5c815e84-b5cc-11ed-afa1-0242ac120062',null);
INSERT INTO groups_account(group_id, accounts_id)VALUES('5c815e84-b5cc-11ed-afa1-0242ac120062','5c815f7e-b5cc-11ed-afa1-0242ac131322');
INSERT INTO account(id, firstname, lastname, patronymicname, role, email, password, group_id, teacher_id) VALUES('5c8167e4-b5cc-11ed-afa1-0242ac108723','Михаил','Андреева','Алексеевна','Student','Михаил8942@gmail.com','Алексеевна22648','5c8158bc-b5cc-11ed-afa1-0242ac120049',null);
INSERT INTO groups_account(group_id, accounts_id)VALUES('5c8158bc-b5cc-11ed-afa1-0242ac120049','5c8167e4-b5cc-11ed-afa1-0242ac108723');
INSERT INTO account(id, firstname, lastname, patronymicname, role, email, password, group_id, teacher_id) VALUES('5c815a10-b5cc-11ed-afa1-0242ac127446','Максим','Андреева','Эмировна','Student','Максим12623@gmail.com','Эмировна19954','5c816064-b5cc-11ed-afa1-0242ac120082',null);
INSERT INTO groups_account(group_id, accounts_id)VALUES('5c816064-b5cc-11ed-afa1-0242ac120082','5c815a10-b5cc-11ed-afa1-0242ac127446');
